Size,BST/Insert,BST/Remove,BST/Search,DLL/Insert at the back,DLL/Insert at the front,DLL/Remove from the back,DLL/Remove from the front,DLL/Search,Hash Table/Insert,Hash Table/Remove,Hash Table/Search,SLL/Insert at the back,SLL/Insert at the front,SLL/Remove from the back,SLL/Remove from the front,SLL/Search,Vector/Insert at the back,Vector/Insert at the front,Vector/Remove from the back,Vector/Remove from the front,Vector/Search
250,522800,61900,12900,159200,115400,15700,27600,245200,1068200,24200,10700,135900,179500,110800,11100,191500,95800,865400,35800,196400,209100
500,12178600,70300,14800,59900,99900,16500,32900,624700,116000,26900,11300,466000,111200,215400,14500,586200,116400,1389200,15900,593600,734500
750,130600,8442400,13900,61500,65600,14600,30800,939900,135500,29100,12300,756500,93700,455800,12400,756400,118400,1971000,14100,990000,901400
1000,166300,58800,14500,75600,58200,14100,32800,1447500,105500,26800,11400,878800,105200,788200,13400,1150600,98700,4337000,14500,1468300,1322100
1250,131900,50100,15600,72900,56600,13900,29100,2096200,124600,27500,12900,1570400,96600,1226500,13100,1939000,131100,3823500,12900,1775700,1653600
1500,134400,51200,13300,65300,77200,15500,28600,3555300,90200,30400,12200,1579800,176500,1670900,11500,2535400,63800,5986600,33000,2250000,1693000
1750,135000,52800,18000,63800,60900,15400,30200,3651600,92200,27800,13500,2159400,101600,2191500,15200,2650900,47500,5784800,28600,2573100,2759000
2000,122600,54100,20800,62000,68900,16100,30300,4582300,95700,29400,11000,3495200,127000,2899500,12800,3453800,49700,6323500,47100,3040000,3624700
2250,107000,56000,17700,56900,64000,14500,30900,5973300,95800,27900,11200,4011800,193000,3537600,13300,4080700,111000,7419800,13100,3370400,2515300
2500,94400,57100,18900,53400,97100,14200,29100,6550500,174000,31400,11100,5086400,136700,4463400,12600,6617800,37900,7015900,16600,3905200,3532500
2750,162900,58900,17600,54200,100100,14300,27200,6591100,95900,31900,9100,5427100,98400,5108700,12100,5481400,43700,7612800,15800,4259800,4313500
3000,143300,66600,17000,51900,218800,14000,30400,6938600,91000,30000,7100,6702900,69900,5901500,13400,9997400,39400,8185900,15800,4814100,4904900
3250,184500,60500,18200,60000,216000,12700,31100,7484100,90000,30000,7200,6899700,94700,7002100,15000,12005700,41100,8955600,17600,5666900,4452400
3500,372800,60300,18400,63900,248100,15600,31100,8085400,97700,31000,6900,7176200,101800,6819000,17000,7045300,38600,9588900,17300,5751500,4268100
3750,278800,62400,17600,41200,68200,15300,32200,8614100,95900,29100,7300,7292200,85800,7403400,18600,8157600,40800,10242700,15300,6254300,4275500
4000,227300,62000,18900,40300,67100,14700,38900,9154900,93300,30600,6900,7800400,142000,7912400,15800,8215600,49700,10950600,12300,6701200,4508700
4250,174800,65100,17100,36900,50000,15200,37100,9729700,93800,32100,8000,8296800,79900,8497100,18200,15680600,230000,11611000,16500,7213300,4819300
4500,173900,65100,17600,36500,48200,16700,32100,10302700,94800,33000,7800,8858000,64400,8976800,14800,11708900,58000,12336400,16200,7612800,5112900
4750,165600,64300,18500,39000,50100,17000,33300,10820700,96600,30200,8500,9350600,64300,9520400,15600,14255000,57100,13061500,13500,8008500,5419100
5000,145800,63600,18600,51600,56500,17700,32500,11377600,100600,32100,8500,9928900,172700,10732900,18200,16102700,52700,13790800,31700,8476000,5686200
5250,145000,65000,18600,36100,80800,14900,34300,11906100,261900,31900,8000,10518300,134300,10814400,20600,11484600,46500,14770800,13900,8828600,5990600
5500,194500,63300,19300,38100,399700,15500,33600,12427300,86700,33700,8100,10914200,85900,11429300,16800,11933200,51700,15224100,11200,9296600,6288800
5750,263700,65400,19300,37400,185200,14900,33200,12983800,91500,30300,8300,11033900,64200,11745600,15100,12384800,45200,16163800,41200,10008300,6563200
6000,303000,66500,17600,36300,91900,17700,29700,13453000,87100,33100,10100,11327000,75200,12574700,18700,12835900,55200,16724600,16100,10318900,6894900
6250,348600,68500,17600,36500,223300,14000,34400,14168600,114000,35700,47800,11702600,118700,13644000,19300,13452700,47900,17439000,10100,10716900,7161500
6500,403400,78900,17500,35900,72700,13900,30800,14630900,89000,33100,10900,12137200,105700,13519100,16600,14546800,53100,18296900,9800,11220300,7433000
6750,332000,68700,19300,37100,167200,15100,29600,15028700,91400,31700,11500,12567200,52300,13699300,17700,14430000,71600,18677300,11300,11375700,7745600
7000,215200,68100,20700,36500,58600,15200,32500,15555100,92000,32000,11400,12945200,48000,14132500,17000,15007200,71400,19438200,30100,11965100,8036800
7250,347300,68400,19100,35500,44900,48600,30600,16678100,92600,36100,12200,13393600,47000,14731400,18100,15322500,90000,20216400,11100,12413300,8356700
7500,160400,69500,19100,35300,43800,74700,33200,17567400,92200,34900,10400,13742500,77300,15837600,19800,21920000,86200,20744800,8800,12986900,8549700
7750,166000,75400,18200,36100,45200,57400,33500,18277000,94200,33900,12100,14240100,89000,16206000,19000,37792900,88000,22241100,11600,13291200,9334700
8000,164700,69800,18700,36100,44900,19600,35100,17595000,90400,37700,11000,14580300,137000,16357600,19300,23135100,91000,22597300,12100,13664900,9580100
8250,135600,70500,19000,36400,64200,17800,33100,18436000,89200,34400,10400,14971200,59800,16796000,18500,17138900,1020700,23355700,12800,14329500,9467600
8500,184800,71900,18000,33800,51300,17300,32600,19211000,90700,33700,10100,15365200,44600,17867300,17900,17856300,105200,24008100,8700,14433700,9820700
8750,245500,120900,17300,34400,51500,19500,33400,19918500,90100,34800,10100,16216600,75000,17540900,19400,19047400,64400,24453300,9200,15402500,10192000
9000,354600,72700,19600,36200,43900,38400,33000,20363400,108500,39700,9600,20130500,85500,17971400,19400,19159700,59500,25090500,11600,15742200,10351300
9250,255200,71100,19100,35400,37500,62300,33100,20337600,110300,37200,11300,19568400,114700,19380800,21600,19411300,87800,26696900,11500,16123300,10553200
9500,251600,72600,19300,37000,41200,55800,31700,20762600,128700,38700,10500,17037300,125300,19493300,22200,20449900,95800,26818400,9600,16249400,10881900
9750,311400,72900,18500,36300,45900,61700,33600,21481800,92600,35200,12500,17352300,68400,20074000,19400,20786000,59100,28491700,7700,16751200,11183000
10000,423000,74300,19800,37400,42700,71000,34100,21784600,102000,35200,11400,17857000,45800,21306200,21200,31284400,90800,28008100,9900,17313300,11356900
10250,393100,76100,17300,35900,40100,32600,42200,22241900,94400,38000,11400,18223400,45100,20640500,18400,22799800,55300,28835900,11300,17980300,12403400
10500,339700,80400,20500,37700,40200,16600,38400,24188700,969800,35400,9900,18537800,44600,21238000,17600,22015000,54500,29490100,10700,18010800,13224100
10750,301100,73600,19100,35500,41400,16100,34000,23998600,61500,37100,10700,18986600,59400,22032700,19900,22911500,47600,30206500,11500,18311900,12381200
11000,284400,73600,20600,34200,39800,19100,37900,25023700,73200,38200,10800,19502500,44200,22892600,20300,32240300,38500,31437700,12100,18958500,12657900
11250,210500,77500,18200,33700,40700,18200,35200,25143700,97400,33100,12000,19976400,44900,26532700,17800,24167300,42700,31588300,9600,19231500,12874800
11500,220500,78500,18900,33800,43300,17800,40100,25505900,115600,37900,11400,20222900,43400,24138200,17400,24323200,36900,32477500,10400,19803400,13231700
11750,148400,77200,18000,33900,49700,15800,38100,26897800,95000,34900,11000,20565900,44200,24039900,20200,24735100,41800,33249300,9600,20371700,13846500
12000,258300,77600,19100,34800,47900,17400,38700,27825000,81800,38500,12500,21042200,43000,32760100,20800,24907500,37600,33917100,8800,21259000,14014200
12250,213900,77900,19300,36000,40300,16100,36100,26666400,76800,36000,11800,21827600,44400,24523400,19100,25280600,46000,34685900,9400,21929200,14198300
12500,161700,77900,18200,34200,43400,16000,45600,27190300,79900,37500,12200,22899300,42300,25401000,19300,25777000,45600,34948900,9700,22861700,14508400
12750,133800,80000,19100,35100,79600,40500,46200,27704200,86100,37200,13300,23430500,42600,25323700,18800,27295000,41100,35815900,9600,23197900,14792900
13000,127300,82400,20100,34100,52500,20100,48700,28572900,78100,36600,11400,24054100,44300,26194500,18800,26737500,43500,36693900,9600,24493000,15070000
13250,127300,87200,19800,33300,46000,18800,58200,29584600,79000,38700,12500,23780300,42300,34768800,20000,27608300,41200,37596900,9600,24607800,15389100
13500,123000,85900,20000,34300,49800,24700,41800,29874400,76200,42300,11500,28415800,42800,27080600,19100,27440600,45300,38244400,9500,25235400,15551200
13750,121200,89400,19400,33000,46600,16200,27700,30788800,84000,40800,11900,26465400,41400,28462600,19800,29072900,68200,38896200,9300,25886100,15937100
14000,122900,91500,20400,36000,49700,16000,27800,30865500,86600,37700,13700,24788000,43800,27928500,19400,29132600,41200,40736900,11100,26394300,16108500
14250,125900,110200,19300,33500,43900,19500,37800,30668700,81300,36000,12600,25183200,41300,28942600,22100,43923300,42500,40412500,9800,27016600,16404300
14500,121600,248300,19200,36200,54300,15300,83000,31369200,77100,37700,12300,25744800,42200,28473400,19600,36305000,47300,41625600,9000,27787500,16430600
14750,119000,207800,19900,32700,47400,17000,114700,34445000,77600,37800,12500,26901900,42700,30691300,17800,32281000,50500,46867600,9400,28125300,16937400
15000,128800,95300,20600,32500,44000,15000,62400,32375900,75800,41200,11900,26533500,40900,38906300,19200,39993400,51600,43356900,10400,29036500,16986700
15250,121200,76800,21400,54800,45400,16300,32500,33916300,79200,39300,11100,26957900,54800,44331200,19700,31755900,52500,44298300,9600,29850100,17305500
15500,120900,76900,19600,36300,45000,18600,37300,34098700,76500,41800,11500,27395400,117600,30795500,17600,32096600,52800,44291100,10600,30332900,17720300
15750,115600,76800,19700,36000,51200,15000,33300,34650500,78200,40800,12800,27971000,112700,31330100,19500,34957900,47200,45028400,8300,31632100,18133300
16000,122700,78400,19400,34600,47600,16800,37000,35313500,78500,39500,12600,28471800,122900,32474000,19900,32812000,42000,45736900,11000,31412300,18176300
16250,189100,76900,19800,49400,43200,18700,32100,36640500,79400,40800,13400,29019000,110500,33377500,19400,33588400,160200,46758300,9500,32486100,18504800
16500,142000,78300,20600,53700,43900,16700,34600,36054800,81900,42000,12600,51488500,112700,33368400,18700,36343600,965300,47067600,9500,33631900,19037000
16750,118700,77500,19000,79200,43000,16200,34500,36485700,75900,41900,11900,35894900,54500,33473500,20400,34982700,71200,47780400,11000,34294400,19280600
17000,114800,78600,18800,54400,59300,16100,58200,37329300,79600,43100,33800,29897700,41900,39607900,19600,51728200,184000,49218900,8200,34717300,22038800
17250,163400,79400,19100,54500,56200,16000,44700,36989800,73200,38600,15000,30263200,39000,41459600,22100,36363600,69000,49607300,8600,35523100,24648100
17500,234100,80200,19200,38400,53700,15600,65500,38235700,75900,42800,13400,30809400,42600,42867800,19700,36285700,86900,49956000,9100,36530700,43121400
17750,214600,80000,19600,47000,45600,12400,50500,38559200,77800,40200,13200,31290000,53700,35585100,18400,37164600,50400,50202600,9400,36348600,36708500
18000,151600,79800,18900,34100,45700,14600,69300,39453600,81200,41300,13200,40079800,44400,36041500,17400,37769400,56200,51392300,9200,37099600,37877300
18250,136900,81000,19100,33500,44300,15600,60300,41110100,81500,44400,13900,37108400,40100,37399200,20300,38039000,46100,52126100,9000,37735100,34296100
18500,156000,81400,19200,34400,44300,16000,83900,40137000,78200,43600,12600,32961100,39900,38125300,20500,38430300,52600,52899100,8800,38401100,64190500
18750,151800,81800,18600,34000,48000,16900,187100,41337300,77200,42500,14000,32946200,42800,37908800,18000,41014200,49600,53493900,9400,38880100,53861400
19000,143800,97500,16900,34300,43500,15100,415000,41803500,77100,43500,12600,39910100,40200,40660500,18100,39434700,59900,53779500,7300,39790400,38558300
19250,117300,80500,16000,33200,44000,15600,64700,42024900,76900,40900,12900,34640600,106300,45956100,20000,40498700,57000,55211100,9400,41220900,25915100
19500,117300,81000,16700,32100,42200,15800,55800,42741400,75900,45300,11700,33157400,121800,45821200,21400,40985600,53000,57012300,9500,41187800,22800700
19750,137000,83100,17900,34100,40500,15300,60600,42992400,76700,43400,12700,33746500,109700,39685200,19900,41839400,68200,57586700,8900,41761200,24134800
20000,170800,81200,19200,33900,37200,17600,59500,43822400,78900,49000,12600,34316300,111700,42859900,19400,41619300,63000,57554700,8800,42494500,27150400
20250,185700,82600,17500,32800,37300,14800,64800,43839200,76200,47100,12200,43209700,123800,48017100,18600,42439700,57200,59148100,8000,43213400,23992800
20500,218900,79400,16900,34200,168900,14900,61000,44714800,76000,48700,13200,35214500,64000,43022400,18700,41718300,55600,63254700,7500,43578500,25356000
20750,212700,82600,18600,32400,79100,16000,60200,44762700,76700,48000,12700,37666800,42500,42198800,19300,52385900,47100,63367400,8400,44566700,24075800
21000,195300,83400,17400,32000,70600,16000,61000,46092100,1931200,48300,10800,38112600,40700,42964600,18500,45574700,51900,65133600,9300,45861300,24930300
21250,117200,84400,16200,32500,68500,13900,54300,46226900,57900,52100,11400,37030700,40800,49024200,16500,44296400,40300,63018800,9100,45962700,24458600
21500,115500,83900,18600,33300,66100,14900,48900,47663000,59300,50600,10100,37443200,43500,43955300,19400,45962800,41800,66756500,10300,46328800,24989000
21750,115600,82700,21400,32900,57900,14600,52000,47386600,57500,49900,12100,37859300,41400,44704100,16900,45790400,49700,62182000,10400,46706300,25755300
22000,212600,83800,18000,32900,65800,13500,48600,47892100,59800,47600,10800,40240300,41500,45381100,18300,46056600,46600,63753300,9900,47800100,27372300
22250,229800,85200,17700,32500,72400,14900,48800,48946900,60700,48700,11200,37906500,41800,45961000,19700,47129700,43100,64874200,9600,48546300,25603600
22500,199800,85300,17500,33700,77400,14100,51400,49073800,59400,49600,10900,38041200,39500,47329800,20800,47249400,45200,65370400,9500,49330200,25971300
22750,336500,84900,17300,32100,86400,15000,68300,49384600,56500,56400,10900,38572900,41200,45930200,20700,47124600,43000,65877800,33800,51563800,26198400
23000,297300,85500,48300,32300,318000,14100,59800,50593400,59100,87200,11300,39071900,94400,45642100,18600,49120800,38300,66690300,20500,50776200,26623700
23250,256900,87100,20900,32700,344300,13700,118900,51971800,59500,52900,10600,39330600,121600,49504900,20900,49463000,47000,67801700,28000,51030300,27133300
23500,238400,85000,19100,32400,191700,16600,76000,52457000,59000,48400,12600,40872900,97400,55556800,17400,49628400,40500,68804600,29800,51764700,26944100
23750,350600,88600,19200,33300,58300,16900,185900,54485800,61400,50000,12400,42136400,40300,48504500,18000,50621600,42000,69451100,30100,53845000,27365200
24000,394900,90500,18400,33700,53600,19100,47300,53930600,59100,51700,11300,42369400,42100,48462700,17600,50824700,48100,68502400,30400,53426300,27638600
24250,313100,88200,22400,31900,45400,19800,45400,55479000,60700,49800,11300,43067700,57200,50085200,17300,50167300,48400,70073500,25100,53891500,28139200
24500,374400,90200,18600,31500,40200,18700,35700,54633600,62900,49100,10800,43852600,67400,50338800,18400,50160000,46200,69916000,33500,54452100,27943400
24750,737400,91700,19200,32700,43700,19600,89800,54991300,59500,52400,11100,44021200,95200,50055200,22000,51423800,42200,71467100,12900,55194300,28339800
25000,529300,90100,19800,34000,44200,18500,89200,55757700,61600,51500,10300,44562100,111000,50470600,20700,52706200,43300,71916200,12600,56076700,28756000
25250,365700,92700,20000,32200,42800,18200,67600,56570700,60600,54400,10800,45205300,121300,50094300,18900,54152900,85400,72095400,11500,61116500,29147100
25500,247800,89100,18300,33200,139300,17900,84000,56592200,61900,51300,10000,46837000,108800,51612600,18800,54638900,69400,72858600,11200,57292900,29472400
25750,183300,88800,17400,32500,121200,17800,23100,55880000,59700,53700,11500,46035800,108700,56049400,18400,55235600,36300,74342000,10700,57979000,30550400
26000,209600,90500,19900,31900,120800,19200,27400,57000800,62000,50600,11900,47942500,110500,64891800,19100,74733700,71500,74220300,8900,60563300,30118900
26250,277100,94900,17500,32600,59200,21200,26200,56376200,62200,52800,10800,54761800,42200,54310300,19900,65314800,55800,75211000,8500,59527100,30470700
26500,269600,93100,19900,33300,46000,23500,27200,56738900,61500,52600,10300,47467400,51300,54813700,18100,55889500,52900,76307500,11600,60047700,31088100
26750,344900,96100,18900,31900,84400,23700,24300,58618800,64000,51100,11400,46233800,142300,55290600,18600,62600000,41300,76823600,27700,60612900,31467500
27000,373200,93300,19400,33000,67800,24200,22900,58233400,63600,52100,10800,47540000,111900,54250700,19400,56238200,51800,76589200,12000,61283000,32678000
27250,383500,93100,17900,32400,37900,18000,22200,58813600,61100,51500,10200,48275100,108900,55328500,20000,57135800,64700,79222800,7600,63903500,31518900
27500,197200,97800,16900,33300,39900,25300,18700,59556400,61600,52500,11100,48545400,123100,55401600,19200,57876800,54200,79291500,10300,62822300,32396000
27750,174400,95800,16900,32600,96300,36600,19900,63195000,61600,51600,10600,53530100,108900,56009300,19300,86130000,52100,80660700,10400,64260000,32649700
28000,185000,99300,16900,31600,45800,72100,27700,63020900,61800,50800,11100,63572500,75900,57561400,19200,60230700,42900,80126700,11600,64269800,33595900
28250,159800,97400,17600,31300,39300,57400,30400,65787000,61800,53500,11500,48420700,43200,57862000,19500,60466900,38200,82102000,10900,64363200,32847800
28500,160100,99800,17900,32200,38300,59200,28100,67182500,62000,49200,10400,49380400,39200,58795700,19800,74324700,46200,82575600,12300,65112800,33136500
28750,177000,98700,18300,32200,38800,77500,22200,69201600,64000,54600,11100,50007400,40400,60212400,19000,84792700,51100,83440300,9900,65548000,34728300
29000,157500,102200,18100,32100,37200,78900,23200,65067900,61900,53700,11800,53777000,40300,59080200,18500,81037900,48600,83699700,8300,66933800,39491100
29250,157000,99000,19800,33900,36800,73500,20800,66249800,63300,53000,10000,50459100,92600,59479500,19400,69458500,43500,84541700,10600,69348300,36290900
29500,152700,102700,18500,33600,38200,36600,23600,66494200,61800,52000,10100,51743900,44400,61707600,18800,64306400,39800,85645500,9800,68030000,34746700
29750,175800,102400,19800,31600,37100,18000,26600,69655900,64700,54600,11000,52863400,40100,62395500,19400,70519100,37400,86526100,9000,69090900,35222500
30000,248800,101700,19000,33100,38500,19300,30100,67647800,61700,58200,9200,53212500,43700,63029500,17900,65421300,39300,87127000,10400,71191000,34761300
30250,259900,101300,20100,30800,50500,19700,22300,68902700,64200,58500,10400,52569500,40400,61754900,18400,65667400,40400,88616600,11600,75670200,34999700
30500,215100,105000,18400,32200,39100,22500,25800,69462200,64200,57600,11000,61107900,79600,72729500,20700,65662400,33500,88521600,8600,73146800,35339000
30750,166200,108300,19100,31900,39700,30700,29500,68644500,65100,59100,11400,53042600,108500,66710400,18400,65848400,122700,89908300,9300,72505200,35423700
31000,167700,102700,19400,31800,36300,31000,23200,70261600,64700,57500,11300,55690100,119900,65662600,19900,69256500,140600,90409500,10800,75728500,36103100
31250,146000,104200,18600,32900,38600,24600,24500,70976300,66800,61100,9800,56789200,42600,65654800,21100,79068000,126600,91965700,12500,74240500,35758300
31500,140000,106900,18900,172300,36600,21800,25700,72882400,60700,56600,9900,60194100,40500,65829600,21400,69727500,67200,90166100,9900,74117900,36577900
31750,141600,104300,18200,69800,37500,21100,22000,73618100,134100,59900,11500,58058300,40200,66902300,28500,69773500,38400,92502400,9100,74405800,36597600
32000,147800,107300,19800,63800,36800,20200,21400,72591200,157100,59000,11200,59026700,41000,67296600,29400,70724000,37200,93140000,10300,75467800,36715100
32250,139400,109000,20200,65900,35400,16100,30800,75444600,236300,62900,12000,74718700,40000,69701200,22000,79439000,114800,92708600,10700,77117200,37029800
32500,239400,132300,19900,79700,35400,17300,25600,75593800,461100,58200,9200,61264500,40400,71455900,20800,85549000,112300,94583800,9900,76170500,37550000
32750,237300,113300,19900,66400,35900,19500,26300,77571100,388900,67600,10700,63461800,52300,68868300,18700,79362900,73000,95159800,31300,78687100,37637300
33000,234600,109700,21400,58900,37900,22400,27700,79835700,270000,63500,12600,62013600,38700,77835300,17600,79543000,2181800,96582200,7600,78549400,39686400
33250,246800,108800,20000,43400,36300,20100,27100,82078200,169400,69900,10400,62411300,38600,73355300,19000,78746400,48800,97122400,9400,79202800,39508600
33500,233700,108200,21500,34800,34400,20500,24100,79078500,142100,67200,11000,65206400,39000,83338400,18300,103707600,41600,96522300,10500,79444600,38868600
33750,156300,113200,20500,38300,37500,17600,22700,78476400,104700,62000,10800,74121900,39600,72255900,18000,82434500,88200,100736100,10600,80347300,38681600
34000,137700,108900,21300,73500,37400,18900,27100,82365100,104100,71300,10600,62596200,39800,85421900,20200,76456600,68600,98177700,10300,80790100,40008400
34250,133000,110700,19800,56400,37800,22700,27400,83990100,105500,104100,10900,63634100,68800,74479400,18000,86708000,81200,99068500,9200,81768500,39637200
34500,155900,112300,21600,36200,37800,20000,22600,84120900,100100,119000,10700,64704100,108900,72361100,19400,81548000,70100,98935200,14000,83365800,40084100
34750,146300,110300,20500,58100,37600,20500,25700,84905800,131200,123400,10600,70267500,119800,76459200,19400,80789700,72700,100324200,9400,82694200,40780100
35000,131700,112400,22500,43900,37800,19000,26400,92259500,101600,159500,11000,69362100,51300,80135000,19500,78337500,61300,100378800,20400,83172500,41102900
35250,160900,114100,20800,39500,38100,19500,25000,89783600,103400,332800,10100,67772300,38200,73253900,19600,79871300,56800,101583800,22100,83450800,41106100
35500,172200,116800,22400,43000,52400,22800,24700,86314100,102000,287500,10900,85087600,39600,116444700,21000,81896900,54700,103698700,23400,84839900,41885500
35750,133500,111500,19800,45000,36000,27100,21700,92750500,100500,369600,10500,84168600,37700,84085700,18900,81130200,60200,104774000,23000,85049700,41646100
36000,134000,113000,20800,49900,35300,26400,19600,91754500,100200,137700,10700,81563500,39200,77026800,17800,92435100,65800,103189900,29600,86923000,41805400
36250,131800,114800,24500,42300,36900,18400,18300,94668300,100600,113100,8800,72194400,446600,77371800,19400,85038600,68600,104457800,19600,91221600,45524900
36500,132200,109800,19200,43600,33200,20500,23000,94994500,101500,107100,9300,73270100,508000,80454000,18700,85157700,83300,106264700,21700,87676500,43972900
36750,165900,111500,20300,36600,35200,40100,22500,94727300,95000,55000,9700,72381900,97700,81169500,17600,84342600,95300,105799100,22900,88415400,43495700
37000,233300,118400,20500,40600,38600,17500,21200,95542000,100500,64100,10400,72519200,41600,79641000,20600,87388000,110100,107851700,11100,91190300,43773200
37250,232600,119300,19300,40800,36400,13300,20100,96111600,95700,44800,10600,77578800,39400,81161200,20400,89134500,100900,111399600,31800,89587200,43522400
37500,167200,118600,19600,104200,36500,14300,19400,97651600,99800,42400,9600,73799800,40300,91893300,20100,89133000,102200,109090700,28400,92279900,44658400
37750,131000,119500,21300,56000,38500,12200,19700,102241800,97500,46300,9700,75540400,42000,84152500,19100,90028500,118500,109214600,8500,90606400,44651200
38000,140500,118400,23500,36400,36100,15000,17900,108780400,100600,49200,10300,79509100,41600,82575100,19900,109541200,106600,109896200,11500,91629700,44530200
38250,401100,118900,24900,37300,35700,12100,22300,98946000,95500,48300,11000,80192800,39800,87795800,19400,90116900,108700,111405200,34200,92501900,44447900
38500,385900,123800,24500,39300,37100,12800,20200,100590300,123000,47100,10600,79090300,38500,101320600,18700,93175000,149300,110756300,10100,92652400,45405600
38750,423100,123200,24800,43200,39000,14400,18500,101170800,100800,45700,9700,81302400,93200,90857300,20900,101658900,117900,114641500,9600,94032400,45488900
39000,328600,128600,24900,40500,36900,14100,16200,102993600,99100,46800,10500,82880700,211200,90976300,39600,104304800,161400,112442400,8300,95446000,45854800
39250,365400,127100,25800,85800,35000,15700,16000,102066100,91400,48500,10600,93930600,178500,89333200,18600,103416300,114600,113588600,10100,95220500,45564800
39500,326800,125300,26500,120600,34200,16400,18200,102196100,96200,45000,9000,88670300,40800,98079100,21000,96104200,273500,114434300,12400,95336100,47154600
39750,265200,128800,27400,102100,38300,14900,16900,107184900,94800,48100,9600,92016700,41200,102319700,19800,95814400,274300,114912900,22800,97508300,47875900
40000,416800,135100,25900,90000,35200,16700,19900,112198000,93100,48700,10800,83527900,40600,97635800,20800,98005500,289600,114835400,10100,97486800,47649200
40250,343300,154100,19500,40600,37000,17300,19900,111585900,96300,46600,10500,90004200,41900,105011700,18900,115311000,469500,116733300,13300,99102500,47299300
40500,291100,126600,18100,44500,51300,16200,16600,108997300,91200,51400,12400,87853300,56300,90781500,19000,101000300,88500,118584700,10500,98092000,48255500
40750,193500,133800,19500,137800,56400,14400,17100,132627000,97300,49300,11200,93745200,112300,93424000,17600,100145600,73600,121813900,10600,99405600,47288600
41000,252100,136500,22100,77200,38200,15800,16400,144367700,95200,48000,11100,93428500,121700,99202200,20100,101708000,64900,119921700,10600,99440000,48009000
41250,184600,137900,19700,39700,38300,14900,18800,151432900,94600,49300,9200,116243700,65500,94448700,18100,103101800,57600,119970700,9400,99824200,49116300
41500,178000,140100,19400,35000,37600,13700,23200,117681200,96600,50500,11300,97146200,41600,97206300,19100,105442500,60100,121671800,23100,101501800,48904300
41750,172300,140000,19600,34100,37500,17400,18300,119409400,96300,48100,10700,124395200,42600,97405100,17800,106706700,60400,120570000,10400,101797300,50324700
42000,171900,144900,20200,63400,36800,16400,20200,124254000,94300,49900,11000,99277000,39600,97886100,20700,104442100,60600,120843700,8800,102751200,49736800
42250,191900,148900,18900,50200,35500,17600,16000,126005500,5300500,48500,11400,99622900,38500,99391000,19700,107826300,45600,129342500,12000,104504400,50840600
42500,238500,146300,19700,54500,36400,15800,15400,122922200,65600,48000,12200,101921100,55100,110491100,16800,108124900,46900,123113700,11100,103953300,49838000
42750,269100,151000,19000,58300,36000,18800,13200,126399400,65000,60700,11300,104437900,40300,102863100,18200,107988900,36900,122335900,9100,106157400,50637400
43000,262500,151200,20200,46800,36600,15400,14700,128510700,64300,48100,11100,107559000,40600,121246100,18900,112916600,43400,124890500,8900,106847700,50597700
43250,166200,151600,19800,32500,36900,15500,18800,125378400,62100,51200,10900,107495400,38500,104482600,16600,111128400,85300,125132700,11900,106319400,51357400
43500,164100,158200,18900,32800,36500,15500,17700,128880400,60900,47200,11400,107858200,41900,102933900,19200,120371000,40100,126551800,11100,107341200,51814200
43750,179400,175000,19700,32400,35900,14200,15000,131572200,62800,49500,11400,110205900,37800,115778900,17600,130719700,133600,128168500,10400,108104600,51341600
44000,165300,283100,18600,31900,35200,15500,16200,135399900,60000,50400,9200,119046200,40900,112201100,18800,136009900,375200,131895700,9300,112949000,60639500
44250,159100,177900,19700,30800,33400,16500,14700,145230100,63100,50000,11900,112983400,40500,119065400,19000,124227600,121700,129642300,11400,109059400,56865300
44500,335600,181700,18200,32700,35800,18600,17800,136473400,63700,47600,11900,111445600,40000,103210300,17200,118724000,50500,128830600,10500,109459200,53356100
44750,313000,174100,20100,35700,38100,21000,16500,141579200,64200,48700,11900,125685800,43000,117493500,18600,114919700,39100,128223500,10800,112469100,53303000
45000,213800,178300,18500,34000,34300,20200,17600,140072800,66000,49000,10800,113878200,42700,110796700,19700,140392400,38600,130538900,8000,112506600,54031000
45250,160300,215400,17000,33300,34700,22900,18500,140878100,64200,47900,10400,130131600,38300,114223200,18600,136918700,34500,132079700,11200,112897300,54844700
45500,160200,254900,19100,32400,47200,23100,17700,142843200,72600,51500,9500,115795400,39300,110560000,19300,133545300,34400,132906300,12900,112897400,54523500
45750,233800,292300,19100,32800,36100,25400,19400,149054400,62700,50000,11400,131217800,39900,138629000,19900,152632000,36800,135071300,8800,113409100,54506500
46000,157600,341700,19900,32700,36500,26400,18800,148817400,61300,49200,10900,129170800,40000,112911100,19600,130394100,32600,134440500,9100,116151600,54737600
46250,157500,120800,18500,33400,36100,24800,17700,149630500,65900,52100,12100,130114300,82400,120476000,18200,124354300,31000,136682800,15700,117825400,55224800
46500,166900,119700,17200,34500,35400,30900,19200,151141900,68100,50800,11900,125822400,105700,117051900,19300,147461200,33200,139421700,22200,116664700,55761800
46750,172300,124900,17100,34000,142600,31200,18900,148460000,67300,51100,10400,127915600,300200,117697600,18200,126286700,32300,137066500,7100,116497600,55877100
47000,155600,120800,16400,36900,84800,102100,18000,152540000,63100,83600,11600,125727800,92800,120370300,18000,136023700,51900,137253300,8200,119247300,56852700
47250,150400,122300,18500,35700,96600,13600,19900,154382300,65400,56800,12000,127775100,93700,119901900,19000,130336000,33000,135960300,8200,120932200,56700500
47500,152000,123000,17500,40500,81500,14400,18600,157901100,62500,50600,10900,137236900,101800,128179000,20300,141794900,31900,137895000,9000,120611500,56576700
47750,149800,124600,18700,94000,77100,13200,17500,158324400,67100,51700,12300,133834900,70300,132001500,18800,144731500,32300,138519200,8900,119672600,57144100
48000,154900,123000,18800,81700,73500,14000,21300,164914800,68100,51800,10600,131844200,89500,140408200,20400,152655900,34200,140695800,9400,120746100,57357600
48250,208700,123900,18000,63100,90800,15600,19200,165554000,67500,49900,10000,134871400,72100,120681700,21400,146267200,32600,140258800,8500,121670700,58216200
48500,207600,126200,18600,68800,101300,14500,20600,164452000,66600,51000,10500,138305200,56800,128205000,18100,153749700,31700,143232700,8600,122658100,58954900
48750,153600,143600,18900,76000,81800,14700,20000,169770000,68100,49500,11200,138463100,75000,139306300,19700,140201200,34500,143705100,8100,123545300,59785700
49000,150800,127800,19100,66300,73400,14800,17200,176099100,66000,51600,12600,145869300,92700,136948600,18600,138454800,32200,143313400,8800,126023200,62651400
49250,149500,126800,17900,75800,63900,16100,20700,171938300,70000,50100,11400,145534400,71500,137924100,17800,142769700,34200,143867600,9600,126368800,60606400
49500,152700,141000,20000,82900,82900,16200,18100,179475500,66400,48000,9100,142217000,71000,134298400,17500,169430200,33300,144686200,7200,127620600,62848100
49750,147700,129000,18900,83800,267700,15800,18600,175973700,66800,51100,10600,143079400,97000,147256500,18400,154518100,31600,145567700,8900,127521100,63975400
50000,148100,127700,20800,68700,295200,16300,18800,175814900,68400,48300,11200,160871900,46700,127196400,18400,152560000,30500,176229700,8500,127272300,62330900
50250,151800,127100,20700,60000,212400,17400,21700,179186200,68500,49800,10300,146881500,46600,135151100,17000,154230600,31100,147484300,8800,132041100,61748100
50500,146500,125000,20400,51800,74900,17400,22900,184226200,66600,52400,10500,144652200,44600,138103400,16800,149472200,31800,154217500,9100,128702600,64667100
50750,146900,126900,19300,66200,64500,17100,22500,179489800,65500,49000,10400,153054000,51700,151197200,42400,164183400,34700,151569500,8500,130701400,61449700
51000,143500,126800,17300,55500,99100,16200,19400,188587300,69700,52800,11000,146871000,46800,148325700,17100,160938100,32700,148405900,7800,131219600,61439700
51250,146800,127200,18000,245800,180700,16300,26900,186554600,69800,51300,12000,151038900,83900,136706300,16300,156084800,29000,151025000,9400,132247300,62575100
51500,168000,126700,18900,185500,141600,16100,18900,187135400,68500,51400,10600,155788100,132600,135661100,19000,159770200,70700,159563600,8100,133678300,63965300
51750,171700,128000,17000,120500,82400,15000,18500,193793800,65100,53400,10300,146986500,112000,159756400,17800,155295000,49600,164967000,7700,134804600,62591100
52000,145500,126500,18100,59900,56200,14500,20700,194699300,66300,48500,11000,156777500,66200,137263000,19000,155196200,56300,172415700,8800,134032800,63615500
52250,146400,130000,16200,54400,64300,15900,20500,196522900,66300,50900,11300,157424900,40700,143066400,18100,165526100,41200,153438600,8500,134164800,64321000
52500,150600,130500,18300,43000,52100,15700,19300,191255700,67400,53600,10300,153345700,40500,157168400,18400,170338400,47000,155906300,10400,135233700,65996400
52750,147000,129100,17900,40200,43400,15700,21800,192040900,71600,85700,11500,183698500,50800,159110500,19400,157371800,34500,159966400,8800,138151800,65285300
53000,148500,130800,18100,37700,44200,17600,18300,201924000,68700,51800,10700,171606800,40900,146545100,17300,170241200,34900,160383800,8600,138904700,67243000
53250,231000,132300,18100,42900,46200,16700,31500,210557300,83000,53300,12300,179994000,42300,151592400,17600,175591500,32300,157621300,8400,137334300,65553800
53500,249000,130900,20500,38700,42100,16500,26000,203711100,69900,51500,10900,163943600,41200,147671500,16900,170933400,31500,157006500,8600,138645700,67902100
53750,231700,127800,19200,39000,60800,16700,20300,205549200,68500,53600,10300,167265300,40100,154705700,17300,190733800,32400,158962000,7500,141756900,66546100
54000,151000,129900,19900,36700,40100,15900,20400,203209500,64800,54600,10400,163801000,39700,190679700,18600,176711300,31000,158947300,7300,140523000,66549200
54250,146800,133900,18700,40200,43200,19100,21000,211284100,69800,51600,10600,179439700,42000,157413200,18000,181852500,31000,158011900,8300,141781000,67026900
54500,217900,134000,18700,41400,40300,14400,25100,213719100,67900,54800,11400,190259700,38500,177040600,18400,187462600,30000,160236200,7500,144695400,67685300
54750,260400,131600,19400,44500,41100,15700,26900,213176800,66400,52600,11100,163470300,39800,170815300,15700,182875700,31600,163672500,7900,144214300,67824600
55000,228400,133200,19500,41800,42100,17100,22500,213081800,66500,50700,11000,179487600,64600,166198700,17900,170573300,29100,163566900,6900,145955900,68101800
55250,147800,133800,18400,43100,39200,17700,27600,224580500,67900,57000,11800,173482900,47200,173112100,19600,201310100,31200,164054000,7700,144778200,68954500
55500,145500,135000,19900,56500,40300,49300,23500,223421000,72000,55200,11600,189097100,45200,191464300,17700,210869200,33200,166393600,8000,145485200,69943300
55750,144200,169300,20600,42100,39600,72700,20800,219940600,74800,54200,11200,213108300,50500,184380700,20400,182069700,32600,165113800,7900,150464300,69813700
56000,246800,135300,18200,37200,48500,57700,22500,228890800,70800,54000,11000,212507100,43600,179313500,19300,188382300,31200,169238500,9200,146548700,71129700
56250,540300,136600,18700,33600,45400,20500,25100,223277700,68600,53100,10100,185413100,41900,176462600,20000,184628700,31400,173035500,7500,150471500,71783700
56500,768300,134100,19300,33700,46000,15200,22900,239486800,68900,56400,11400,186565200,42900,188478900,17600,222820800,32600,171783800,6800,153691300,71686200
56750,479500,139200,19300,33900,48100,18100,23600,236209900,69200,53200,11000,184319400,40000,175470500,17400,194485000,35000,169950000,8800,151101300,74399200
57000,477000,139000,19300,34800,46400,17600,21700,234930300,70800,56000,9900,199823400,42200,192958700,19000,205702500,31300,170757200,8100,149936400,72377000
57250,324900,137500,17800,32500,50100,19100,25100,229647600,65200,51100,11100,187685800,42100,168712900,18000,211515400,32400,170273000,7700,152335700,75002800
57500,276800,139800,17300,32100,44500,60700,33700,232947200,66500,53000,13700,194581400,39200,178817600,17600,197388600,32400,173611700,7400,153601700,73960600
57750,253200,138600,17000,33500,49100,61700,31800,245409400,483700,54100,12100,192758100,137300,187162700,19300,232118100,33000,173840200,8300,152708400,73894500
58000,207200,142300,17900,32300,62600,56900,59100,238762500,328100,55000,11200,197985500,114100,195591600,17600,229908900,30600,175642100,7300,156429700,74678500
58250,220400,137400,17200,34300,49100,55700,99900,239046800,228400,53000,11000,226112700,78700,215147900,18600,228114200,31300,176426000,10400,157380100,76113500
58500,193400,141700,18300,34300,44300,56200,84300,240005200,241300,53000,10500,347110900,42600,195324200,41700,236503000,30700,176468200,7900,158081400,77033800
58750,190400,142200,17700,33100,39700,22100,119600,245509700,149600,51400,11700,265243300,43700,207118400,20000,259315100,31900,178213100,8300,158630900,77067100
59000,189500,145000,19000,35200,42100,16000,90900,247682900,107000,53800,9500,289899100,63700,218292800,21100,276380700,33000,181917600,7900,159824100,77959100
59250,178700,141700,18800,55600,48900,21100,29700,242173600,112800,53700,10700,261178100,42800,190761700,23200,238191800,35900,182583100,9600,160962900,78279000
59500,281300,145000,19100,36100,36100,18700,22900,243101200,96700,53500,13300,213073500,41600,226510200,21400,239631400,32300,181158400,8100,164169700,80699700
59750,176200,142300,17300,35000,40000,19900,22400,258208000,95600,57700,13300,206505200,43600,190919000,17200,244466300,31600,182913000,7900,167136100,79665300
60000,176600,144400,18500,36200,36800,17300,23300,252867400,100900,57000,11900,213806100,39800,201885000,19900,249807200,30000,187310000,8000,165372000,80854000
60250,195000,155400,19200,38000,43100,18100,24200,245915300,110200,51700,11000,223347000,42800,206516400,19000,247002700,32600,183914500,8600,163798800,80916100
60500,180100,198200,18400,77000,39000,15700,21000,256533400,110500,57500,12300,222572400,40700,213844200,21200,230909200,47800,190221800,7000,169422000,83972700
60750,173700,144300,19300,53900,37700,17400,24600,265122300,111300,54900,10400,214201600,43200,249582100,64500,270701500,40100,185381000,6800,165369600,82070600
61000,172500,147400,19300,36800,37400,18500,22100,263747100,104900,55600,10700,213952600,42000,221454500,58900,262552900,36200,185365500,8500,167865300,86106700
61250,191900,145600,19000,77000,36900,16400,21300,264703100,109600,54200,11200,241431100,39800,210484700,36100,243615000,36900,185143100,7500,170249600,82039700
61500,171100,146700,18800,150900,36800,18000,23800,264198800,89700,52100,11100,231604500,41000,229181800,19900,247547700,34700,188521000,7700,167944200,82285100
61750,173100,153500,19900,38900,39900,18600,24500,263138900,103400,54200,11600,228828400,41900,266325900,20400,280041200,35300,191036200,7700,169014400,82432400
62000,168700,149200,20000,43100,39600,24300,21600,264973500,117800,54600,11000,222854900,43800,235502600,22500,262979700,38300,191974100,7500,169954100,84403700
62250,171900,150700,18900,37600,37900,20600,25800,258937200,129300,53600,11800,239280500,41000,219000000,45300,275029500,35600,191659100,8500,170943200,86066700
62500,169500,147500,19400,39700,49100,15300,22700,301238900,99900,60000,11300,231957200,42200,249071900,68900,257377400,34800,194589000,7900,175125900,86550600
62750,166300,155900,19500,34500,49700,14600,26200,276664500,102700,59100,11300,253792700,44600,242126900,72200,285570800,89700,194968700,8900,174393000,86024600
63000,163200,152500,18600,33900,49400,17400,29900,272323800,109700,60400,10500,231638500,40400,243819600,52600,270172200,36300,196100600,31300,176967700,88281200
63250,163100,152800,18700,34200,49800,14800,35000,294431200,101400,62400,11600,233169400,40800,236529500,55400,264635200,41400,199959200,9200,175288300,86429700
63500,186200,158800,20600,33200,45300,16200,25300,290778700,96600,61500,10900,260577900,41100,229196700,20800,272042700,39300,198544100,7500,176004900,90956600
63750,254900,156000,19400,34700,45500,16800,31600,282518400,99800,61100,10700,237526500,40600,256471800,30000,325137500,35700,195152800,8300,179109800,91483600
64000,166900,157900,23500,33600,43800,18600,25400,277422800,101400,59500,10700,241247400,44200,273064900,39800,294623600,38600,197924000,8600,181596300,90810400
64250,161300,163000,23500,36200,48000,18200,29100,282722500,102500,63400,10900,235463900,45200,254715000,77000,295141200,38000,202066600,10000,188851400,90711000
64500,162500,164000,19500,35300,48700,15600,21000,290992100,131700,63100,10100,264428100,42600,272382200,107300,325576500,38500,205444200,7200,181981100,91610500
64750,167900,214400,19600,33000,51000,18200,46800,321633700,110700,62600,9100,292896400,40600,293804000,43000,307823800,37700,201425000,8200,187967200,94319800
65000,161600,170400,18900,31800,50600,16700,15100,335674600,99500,62300,10700,254704100,42900,259897100,21700,300829100,37900,202039600,8700,184537600,92323100
65250,163200,166900,20400,32500,39300,19800,15400,333459600,217200,63700,9600,253645100,42300,302980600,23200,280581000,37200,205329400,8300,184319800,95704000
65500,165400,173100,20500,35400,44100,20200,17100,305135700,190500,57800,10800,299329300,43300,344066000,49600,279994700,37400,207358500,7000,188350000,95212700
65750,159600,173600,18700,35500,50100,17700,16900,310225000,142900,63800,12100,249171900,43300,334633100,43700,309079800,2690800,213444600,8900,187367900,96415800
66000,161000,173100,17800,36600,48800,16300,16900,336070200,91100,60500,11700,265105300,42900,329126100,45700,267810900,42200,212480000,8100,187308500,96182800
66250,199100,176400,17500,33900,49000,19400,16600,322692100,97300,62400,10500,257854700,43200,287915500,24600,325574300,36700,210021900,8400,186737900,95284500
66500,247200,172200,17500,32500,50000,18600,15700,325059400,96000,63900,12200,268410900,41800,341833500,24800,286181900,35100,211916700,8300,189768400,97378200
66750,260400,180000,15300,33900,65600,15200,16900,324253200,96500,65100,10200,275008900,43400,296206300,23800,302757300,35800,216036300,7600,189915700,95570800
67000,245000,182900,18500,33900,44200,20200,17600,317278000,95200,64900,10400,278118000,74700,816071200,25300,356272700,38100,216001200,7400,193892100,97538000
67250,159800,191800,17800,32000,43400,18500,15800,308398600,116800,75200,9900,310975200,122700,766828300,24700,288254500,35700,216233100,7000,192659100,98261500
67500,162200,198100,17500,31100,41100,19800,16400,340588900,100500,62500,10400,352370300,115400,775641000,28900,301117900,32300,216867800,8700,192173400,98965300
67750,158000,321900,18500,32600,41900,19900,15600,321782900,121700,62800,10900,301614500,127600,432593600,36200,300060300,32900,216587000,7600,196433900,103291000
68000,160400,424900,20600,62100,38400,20400,16300,319323200,127700,62000,10300,303072100,115900,283268100,27300,362246300,32300,223470800,8500,199434000,102477200
68250,156600,229000,16900,134800,38600,23700,14800,316955900,116600,67200,10800,298427600,107700,344997000,28900,303469500,34000,217307400,8900,199138200,102419700
68500,197000,222100,16400,156100,37800,23300,18400,331983300,114000,78300,10000,298400700,44400,320092000,22100,304805100,32100,220223900,7900,198203100,102206100
68750,178500,283800,17500,142500,37700,19400,15100,350076600,116900,79100,11200,282476400,42700,299717100,31600,352547100,32400,220374200,8500,200297700,103946800
69000,249700,285900,17000,33600,37700,19700,16000,328176600,128500,62800,11400,307037100,40700,308120300,35000,318027500,33800,224183700,8300,199269300,107957700
69250,307700,309100,19200,34900,38700,16800,15900,341144400,112300,63500,10300,292838200,44900,329593200,58200,376977300,32400,226277600,7900,202339200,103691100
69500,243900,215800,17000,106300,38300,18300,16300,324607800,112400,64100,10600,289058400,59900,297959500,35300,506054900,31700,220620900,7800,200232000,104068400
69750,161500,287900,17100,85100,137500,15700,17600,349593800,117000,64000,10100,320855300,118100,305792400,55100,580941200,31200,223772400,8400,200557600,104848000
70000,157700,204800,16500,33900,69800,17000,16300,336473500,114400,66300,10300,339900700,129400,317346500,41200,388406600,31200,225960500,8600,203432700,105977900
70250,162400,143400,16500,35800,69300,17400,16700,344537800,121800,65600,11400,298306000,127200,318805500,55300,380653700,32100,230080100,8200,203564500,105480400
70500,158700,147400,18200,32700,152300,20000,18600,347846600,109000,66200,11000,337767900,132500,308115800,29600,354749100,31800,229086300,7800,207168800,105042000
70750,154800,149100,16200,34500,104200,17400,15800,346114400,104800,67500,10200,305669400,116200,367401100,39100,345226400,32100,228421900,9000,204200200,108647300
71000,159200,148400,17500,33500,84100,15600,15000,335979100,130200,65500,10900,303681600,117500,337802500,24400,363619800,31600,232447700,8500,205301500,107923200
71250,155600,148500,18000,65000,67000,14300,17000,357284500,108400,68300,11600,336878400,125700,301534100,26200,367152400,32300,232569200,8600,207453500,108394300
71500,157100,146500,18600,52600,70600,16400,15600,348236300,108200,67200,10100,507586200,68000,323459700,27100,384426100,31800,237023400,8000,206405000,109700400
71750,220000,148300,18200,32000,85700,13800,16500,341934700,102100,64400,10400,367489600,42200,343611000,27500,368929400,32000,231429400,8300,210453300,108231300
72000,198500,152000,16900,33600,74800,17500,15300,376762000,109800,66000,10700,392082100,40900,331944100,28800,370025700,31600,237203800,9200,218656600,110915400
72250,160200,147300,17500,34100,66700,18900,17800,351444400,108700,68700,10900,392035400,40700,350902200,38700,341344900,30100,235513600,8700,210605100,110006100
72500,156800,151200,17700,32300,53400,15600,16200,352874600,104500,64400,10600,350827900,40800,346715200,26200,395477000,30300,239115500,7600,215700200,111691800
72750,230300,149800,18500,30900,100000,18000,17600,364169300,98500,67700,13200,332387100,40300,351059300,39100,389738200,30600,237057100,8100,215172400,111202800
73000,435400,147700,19300,33100,220000,18100,18400,363822000,105800,68100,11000,357507200,41100,409388300,40200,372069700,29700,236324300,9300,216131300,111463600
73250,1215200,152200,17900,32100,147600,15200,17000,356121700,98300,68200,10300,329962500,40200,367398400,60200,388322400,30600,241616200,9600,217287300,114392900
73500,482100,154000,18100,31800,59900,16900,18200,374205900,96100,131400,9800,335742000,41500,358526000,51900,363163900,31400,241524100,7900,217967100,112682000
73750,456600,157400,18700,31300,55600,17800,17500,367665800,94600,69900,11700,329073400,40800,360378400,56700,385138000,28500,245194600,7900,218585000,113109500
74000,360100,155600,19100,32000,52700,15600,18600,387323200,103900,64200,9800,335982100,39600,352721900,58000,387620300,47600,241199300,8100,218828500,114625400
74250,408000,158400,18100,56800,99400,17300,16100,373193900,100400,67200,10300,380129600,39500,370678700,61000,380162700,85100,243178900,7700,219223600,116271100
74500,339800,161100,19000,80200,92600,17300,16500,374126400,99000,68100,9600,356451800,42900,384448400,42100,387839500,69400,253621300,7800,226828600,115037600
74750,514300,155200,19400,49400,130500,18600,16500,398133000,95300,69900,24600,364360400,41700,363808700,40400,462265400,52500,244330700,6100,220713500,116076000
75000,512100,156200,18800,70500,99800,17500,20100,376089500,98800,67900,9900,367600800,40300,421586500,37000,415977100,55800,245398200,8700,224238300,116248800
75250,415400,161100,19000,80600,62100,17000,19900,414912700,92700,68600,10100,338819000,82600,373150200,54400,418360200,45100,249266100,7800,225481300,117172500
75500,339400,160600,20000,49500,51600,18000,21200,388579900,95200,68300,10000,359130500,114000,381194000,38100,381439200,362500,251623200,7500,226203100,118736200
75750,363300,159900,19500,55100,57200,21600,20300,378296600,126800,69900,11000,416081900,124600,400963100,42800,416053800,32300,247634400,7000,226130000,121738600
76000,324300,158400,19100,64600,63000,20800,20800,413277300,95400,72200,11400,347759400,42100,355453300,35400,400297100,31700,250680600,6900,225030200,118574100
76250,362100,159000,18500,54300,61800,51900,47900,393535800,98800,71200,11600,400726100,40900,424121700,35200,436088700,32300,249474500,8600,226856800,119983000
76500,367200,166000,17900,58800,52500,76500,19500,379238300,117800,71900,10100,373344700,42200,425572900,38600,416384300,32800,255707300,7500,228851100,121683600
76750,364400,165000,18900,58900,43400,94300,26300,407076800,94100,66500,10500,386932200,42600,421142900,39500,441419500,29900,253272700,7800,227653800,122286500
77000,321600,167700,18700,70100,42400,89300,76400,385027500,97200,69700,12200,388016000,43600,432371300,39300,452286000,31100,256329400,7500,230092700,122771800
77250,324100,194100,18000,67700,41600,117500,132200,400092800,94200,71000,10500,422681700,39800,461472000,36500,411091000,30800,255012100,8500,232755000,123178800
77500,326000,164700,19200,65100,273200,79400,42000,392950200,113600,67700,11900,381913300,42000,417812500,56100,454427800,32900,263328100,8100,230686100,123741700
77750,324400,170100,18300,60400,204000,20400,37500,404384900,94900,71300,12500,361916500,40100,380971400,42000,410069400,30000,254470500,9200,234305400,130170800
78000,366200,167400,19600,61100,50500,23700,45700,407697900,98100,68700,10800,398709700,41400,418438000,30600,450441900,30900,257844700,8800,232500900,123594100
78250,319800,169400,19100,184700,48500,20800,81200,399479200,95400,73300,9900,432567400,41200,428473600,30100,461867200,30300,259827600,7900,234684700,124166200
78500,316200,172800,23200,175700,149200,24400,70800,400383800,97000,73900,10100,398713200,42300,450015800,36300,433497000,29500,262408300,7000,237035700,124613900
78750,316700,174900,18000,136400,86700,26800,53400,403716300,96800,70800,11800,402761600,38800,463458100,36000,434627600,30000,263269100,8200,236718500,125596100
79000,379500,174200,17600,114500,50400,31700,57500,416578200,98900,72000,10700,401777800,39900,419632000,39400,406690900,28100,266024300,7400,241660600,127930800
79250,497700,206100,16900,48600,110200,38200,59800,425307200,97500,74400,10700,432156100,41700,444486500,38900,447014800,29900,265698700,8100,239428400,129835200
79500,474600,181600,18200,40200,50400,73800,18300,403391000,93100,74300,12800,455456000,42800,433557600,35700,472770600,29100,270512800,7600,243484200,128740400
79750,395800,179700,16500,54700,45600,28100,20400,441530000,95300,74000,13300,398232500,105400,430309900,37400,457458800,29500,264498000,7400,242917300,127496500
80000,317500,179600,17600,48100,43000,26200,22400,419183800,89500,73500,10900,449603000,126500,451964100,37500,500228500,29300,266359500,7600,241387900,127740000
80250,312700,175600,18100,44100,40700,27700,21800,425836200,91700,76300,14400,401819600,114400,468845600,38000,511993000,29400,267625000,7600,244213700,127812100
80500,318000,181400,17600,47500,58300,20800,20300,423265800,94400,75000,13800,407303000,115700,462694600,34100,500079200,29900,275507200,7300,244168700,130329900
80750,311100,188300,16300,61200,50100,25500,21500,427412900,90300,74200,14600,425502400,125900,416367400,38200,466167400,30400,272746800,9400,243925900,129683000
81000,311500,186200,19000,127300,43800,24300,18400,431383000,92400,77700,14300,401815600,55600,478496400,37800,450685900,28700,274883600,8100,244408900,128946600
81250,313200,186100,16800,48700,42300,23500,18700,425453300,91900,76000,14200,427339100,41100,436680700,37300,445347100,29700,292782900,7900,244884100,133024500
81500,302500,199900,17700,61000,42900,28900,18500,452546100,94100,76600,13200,404477100,42800,463577800,34600,482978100,30000,289807400,7600,250467000,130707100
81750,308500,233600,19800,56200,39800,27900,19500,425298800,84600,78000,14000,446600200,39400,462986700,36700,503649100,29600,276797000,7800,249808600,133825200
82000,727300,269900,19100,62900,39700,32800,23900,430177300,97000,74800,14600,437368300,41500,493468900,37000,502624400,30700,276037300,7900,247412600,132665700
82250,1115800,244600,17100,49000,41800,35000,25100,448080300,89100,77500,14100,415005400,40000,439843200,39100,470356100,30000,280731500,8200,254012900,132047300
82500,893800,261300,18500,100000,39500,41100,26200,437678100,90600,77100,12300,440528400,39900,440938900,36900,506801900,28600,276715000,7800,249653700,133847900
82750,468900,220300,18500,242500,41700,38900,21100,440224600,88100,81800,13500,423145700,41200,483459900,35000,457935700,30200,279655600,9100,254342200,132645200
83000,453200,201500,18000,115900,40400,47500,22200,427229100,93900,82600,12500,461607300,42600,506579000,36200,469318500,29500,280820000,9300,251140300,132277100
83250,422200,197000,18500,50100,39700,56200,25500,462779300,98100,83100,12800,452631400,39700,524561600,39300,497598600,28000,280413300,9600,254098700,133859800
83500,371200,216700,17100,51400,40800,27100,20300,442521000,92200,80900,13400,485609200,39600,544762000,38400,495900600,28700,279256500,9600,255773100,136908900
83750,378900,252200,18000,125000,40200,23700,22700,460801500,89800,104200,13500,416836800,43200,501105100,35600,496277900,29300,284795100,15600,264052500,135305800
84000,492700,232800,15900,124500,39600,95900,26800,455340800,94400,98700,13600,448476900,42100,500569500,36300,485449100,29400,294469100,18900,258463400,135026100
84250,358600,294800,18400,41800,39800,59400,22300,448625300,90400,89800,12100,453584700,41700,491478800,38300,464162700,29700,284062000,24200,269464700,136405500
84500,414300,226000,17100,45300,39800,39700,24900,456430500,96700,103000,13000,439237300,40800,557605000,40700,541692900,29400,290930500,20800,258895000,138270100
84750,384400,201200,16700,48500,37700,15800,21400,468141300,86800,93700,11800,453016800,39700,506984500,37100,511954000,28900,290056400,21500,260173300,137461100
85000,323500,202300,17700,41300,40600,15200,20600,486373700,91700,95900,13100,445395800,41200,543728000,36000,558986100,32200,287041200,17500,263707800,139115500
85250,320200,200300,17900,41100,55100,15500,22200,452146700,11810800,82500,13800,498303600,41900,500381500,38300,474950400,28700,289288500,20900,267094400,145036500
85500,617100,204200,19700,42400,40500,16200,21900,469261300,69500,89800,7200,471033800,38300,507265300,37900,527533500,27900,301217800,23200,263324500,140134400
85750,370300,189600,18400,33100,38700,32000,35400,456091500,70900,86000,7800,472581000,39900,496067900,40300,524076300,30000,296762200,26100,264298600,139637700
86000,367200,181500,18200,35000,40800,97200,39300,472652300,69800,113600,7100,477615100,42200,500465400,36100,559881500,29300,293174700,32900,268062000,138906200
86250,382400,176800,18300,38300,40100,96600,37800,462781500,71000,111200,7600,449296400,42600,542747100,34300,536359600,27800,293407200,29800,266284600,141452600
86500,421200,181300,19800,40700,41200,58700,36200,486917700,68600,257800,6500,471241600,40500,548988100,38800,506067700,28000,297694000,28600,266822200,141632800
86750,381200,178200,18600,40300,39700,66300,38000,465962300,70300,150700,7700,506115500,41400,598736100,40600,508937600,30800,294831000,21500,267785700,141444200
87000,381000,185100,19600,40500,40400,20100,41800,470780900,72100,226500,6800,456250600,39900,790315600,37200,546398700,29200,296479500,35700,267787300,141817100
87250,426700,177300,18600,37400,39900,14900,42100,469001900,74500,300500,8100,509071500,41500,640376200,34900,505880500,30000,296813400,22500,271523200,145687700
87500,354500,177900,19900,37300,40100,13700,35800,468630600,63000,172700,7900,509273600,41900,659842100,39900,557570900,28000,299152900,9600,271019000,140628200
87750,435300,179800,20400,49400,40400,17100,33900,480741400,67900,134000,7900,478610500,41300,705456400,41000,565784800,29100,298386200,9100,271401400,143167600
88000,357100,183700,18800,43800,38700,15900,39500,490092400,90300,71800,7400,484428200,50400,756810900,36100,527899200,28900,304442500,9100,274843000,143613300
88250,405500,193000,20000,44500,43400,15500,31600,485303700,69800,65400,7000,501358500,44600,762730800,36900,575923400,29100,308902000,9800,274028700,143387900
88500,394100,214500,18500,39300,39500,17600,36700,480152000,67600,66100,7300,515789900,40700,896854900,36700,499391400,29100,299687200,28800,275130100,144711100
88750,398000,253000,19000,37900,41000,15200,31000,496101600,68600,67000,7500,474715500,42800,873800400,39500,564602000,30300,303375600,8400,278115800,144832500
89000,341500,183100,19000,36700,39000,15600,71600,485557500,70800,64600,6900,487468900,40200,794630700,85500,586659400,29300,306139800,10300,279393400,146512500
89250,339700,217800,18800,40700,39400,16500,29400,490888200,67900,64700,8500,505675200,41500,776790500,53700,612101800,30700,303818400,24000,279358400,146757600
89500,387400,238000,19200,46000,38700,15500,40500,550308200,68100,67000,6900,508888400,41000,800206000,34900,546695900,98500,306197800,10000,282245300,149266500
89750,377000,160700,19300,46900,40900,16000,124200,498495500,71400,66100,7500,489932600,42200,722901600,39600,629998800,73300,307459100,9700,276803100,148760800
90000,388000,160200,18300,61600,51700,16500,159100,485507600,67600,68700,6600,515678000,39500,708617200,38500,644136100,64900,311656300,9300,283670600,150559300
90250,403600,160700,18300,40700,41700,16100,230500,505776900,69700,67700,7900,486270200,42600,873441100,36100,577330000,63400,308337600,9700,281108400,148773800
90500,552500,169500,19600,54700,39100,16200,90000,486181400,68500,67000,7000,510925500,39300,730732800,38200,584047200,49900,307426000,8500,288821000,151390800
90750,335500,158900,17400,68600,41300,18900,55600,514776200,73900,65900,7000,508408100,43400,717111200,38400,608866100,56700,314718100,7400,284609800,151314500
91000,417600,163500,16800,51200,40300,15800,59000,506193700,72700,65300,7500,489549400,39500,664890100,41900,559837600,36700,309833700,9100,284554800,152313100
91250,297400,165200,18100,51100,36300,16100,46800,525017700,69400,68100,8100,562596500,41800,687108400,37000,589415400,35300,313296600,28500,286504300,151025600
91500,445700,163800,16100,45700,39400,16400,32300,502682600,69800,69400,7800,560086200,41900,704254200,35500,612212400,39100,313789200,12200,286625600,151262000
91750,373200,161400,17900,44300,37300,16500,25600,508347800,68700,65000,7100,534323100,42600,726985900,37700,624301400,36300,312808300,9000,288839900,152015400
92000,399100,161500,19100,45500,39500,18200,30300,511473400,68300,67900,8200,495303000,62000,715328400,43700,560199300,36900,311471900,7900,293520400,153310100
92250,399100,163900,18200,43500,37300,14900,27500,514336300,69000,67700,6900,508742900,42800,707682800,39400,617186900,31300,318183700,8000,290079700,153942800
92500,411000,166000,18200,47300,38500,23700,27700,518618000,70400,66400,7900,519638700,44000,948976500,37700,603637700,33200,318715800,8800,291213800,151558900
92750,339100,162800,21500,44100,125400,17400,25300,522293400,68000,68500,7700,534319600,41200,835259300,35000,590347500,46000,316708400,9100,292614700,153774300
93000,409000,168300,19200,43100,90200,18400,26200,507866600,71900,73100,8000,519850400,121100,806415500,41600,604591000,33700,322914500,7600,291835600,155567400
93250,369400,167000,19300,39800,82600,17100,29200,545858800,70900,70600,8300,519017300,64800,723279300,40200,576731900,32300,321136400,9300,294047200,156264000
93500,365500,166600,20200,46800,110400,17600,29800,530505000,74700,70200,7200,504966400,44000,859814500,39800,589947900,46900,322581400,8900,292060600,158039000
93750,389300,170600,19500,47100,65900,16700,20900,528850300,69400,70800,7900,529727300,44300,1067602800,41100,572791200,32600,321258300,9200,298375500,155803900
94000,352500,171500,19100,41700,69000,20400,25000,536831700,70600,71900,7600,497827900,41500,886815900,42100,634297600,30200,326243900,8800,296777300,161373000
94250,441800,170200,19100,43200,83700,21400,21200,550027300,71900,68900,7500,577784700,42900,654330500,40800,630424800,32000,328355600,7800,298593300,157399600
94500,322600,165600,19600,47100,73700,20600,30800,888399900,72000,68800,7700,534235200,41700,675482000,37100,595341300,31400,324739200,10000,298906000,156888300
94750,351400,168100,18400,46100,77600,22000,27400,794157300,70300,71000,7700,572032200,45100,615535800,38100,622069300,30700,328890700,9800,300174500,161463800
95000,455600,202600,19800,49800,94200,20400,29700,808256700,67600,67200,7300,525022400,43100,654728400,41700,609164900,30200,326624800,7500,300118100,159641100
95250,368400,171900,18900,52200,85900,20100,20600,752901800,70400,70000,8700,553575900,45500,681885800,43700,605773000,31300,325559000,8500,298423500,161635300
95500,420700,175600,18300,48100,166400,19000,24300,773592700,73100,70600,8900,588004300,41900,827984700,40200,621001500,31000,329463900,8800,302670300,159718200
95750,423400,176800,19700,51900,428100,21300,22100,986911500,70700,73100,6900,537446500,58900,911496800,41200,589328500,327800,329807600,8500,302170800,159489400
96000,421800,173400,18400,71100,197300,18900,20800,986911500,71700,71900,7900,545573000,42200,689692300,46100,618394300,32100,335030100,8300,304077200,161387200
96250,363900,177700,19100,51000,61000,20100,24100,1027472700,72000,71600,7800,550119000,43300,612401100,41100,604141700,31100,333530300,36300,305922900,161587100
96500,304800,173400,19200,84000,58900,20500,18800,934028400,72900,70500,8100,561654700,42400,611545100,39800,679235500,31100,336873200,9900,305706700,160572200
96750,368600,173500,18300,94300,69200,22900,24900,1063788400,75200,71100,7200,585549900,42700,620360200,43400,641860100,48600,333331700,8800,305412100,164385300
97000,422400,176300,18800,53400,117600,25800,24700,824494100,74400,73700,7400,579382600,42400,598101600,46000,696031700,31500,339150000,8600,307998300,167178800
97250,400200,177000,19100,51100,106300,27100,26800,897619200,76100,71500,7200,536416600,39800,599700900,63000,622587200,51500,334202000,8300,308515100,162546000
97500,414600,178200,19600,83500,63100,20500,101700,758653900,70200,67700,7000,558484800,41200,604921000,41600,693611800,46000,338132100,9600,307799000,166108700
97750,328200,181100,18100,204400,75900,20200,120800,709928400,67400,72700,6400,561678200,43700,613773400,46400,662552700,31400,340572700,8100,311062500,165365300
98000,444300,183500,19500,69400,62300,20000,32200,654334700,72200,73600,8100,608719800,41700,634445500,51100,646226300,29400,338106900,7400,311394200,166341500
98250,417100,186600,18600,69200,252200,20400,31000,671148600,77700,74700,7000,561501700,87900,605313500,43100,684773600,33000,340525600,7800,314957900,167450200
98500,375500,181500,18500,75100,146400,20900,21400,671876500,75600,74100,6300,528741300,102100,629346600,40300,685432000,32100,341113900,7800,314865400,166607000
98750,373300,182700,19100,67600,55300,20900,33900,658425300,69100,74400,7400,573825900,42100,645035500,46100,659914500,28800,342239800,7600,312487900,166912300
99000,415200,190800,17800,67300,53100,24200,180800,656225100,76100,73400,6900,545710700,41500,650987700,46000,657004100,29300,344334900,7600,316591800,167142800
99250,397600,178600,16500,90700,203300,19700,105800,696974700,74300,74500,7300,575034200,42200,623390900,46700,688259300,44800,348702900,7000,323288200,167219800
99500,385700,180400,17700,104700,48200,21700,71600,644257700,78200,73100,7000,608036600,46000,649484800,44500,713751400,30300,343619600,7500,319023600,168103700
99750,507000,183100,17700,59300,49200,21400,82800,664671800,89600,77000,6700,613911600,43700,593652600,49200,673992700,31600,347099300,8400,319209200,170426700
100000,536100,186500,19400,173000,104500,19400,16300,667011400,71600,87800,8000,604160100,40500,672525300,49600,729923400,31100,347718700,31800,322946000,169359100
100250,794400,190100,19600,190600,49100,23400,17000,677402000,78200,78700,7400,575840700,40300,623497800,43700,712011800,30800,345607800,37200,322418600,168051700
100500,716000,190400,19400,216200,49200,22100,13900,670133200,73200,76800,6900,614579100,41100,674040000,44100,681758400,30800,346834100,36900,325238000,169872500
100750,598200,189900,19900,73000,44600,21000,14900,671857700,72400,77000,7800,607091300,43400,677917300,46300,691434500,31200,348341500,33200,325583000,170635400
101000,681300,189900,17200,55000,45400,21500,13200,692031800,74400,80900,8400,604070100,41400,644746300,46700,704650200,30200,346777100,9700,327070800,170383500
101250,495700,187700,16700,51500,46900,22000,16400,676148300,74700,77800,6600,592698700,37000,659831100,49500,679788800,30200,354099300,8800,330584000,171453400
101500,562000,206300,17100,47800,45700,21300,15900,687011400,76700,75900,7300,608606700,41600,652296700,51900,696972500,29800,351529200,8200,330449300,175305100
101750,657500,201400,18700,47000,61200,22500,15400,663613300,362200,78000,6700,608957000,65400,648349900,57100,691116500,29300,354469100,8600,332934200,172077400
102000,716300,191300,18600,57700,42900,24000,17100,714790600,220200,77900,7600,601960500,41000,665587800,52800,743781300,30900,357568200,9200,332439900,173624600
102250,695900,194900,20000,51700,43400,27800,17200,655501600,283300,76100,8100,635736100,39000,680577000,53800,713009700,29200,357418300,7000,337469500,173870100
102500,390200,197200,18800,48700,42400,22700,17700,705480500,303400,80000,6900,648121000,39200,669007500,56800,697740700,28300,351805300,19100,337471500,172431100
102750,569400,202900,19300,53100,43200,30700,17800,666195800,142800,84200,8000,606391200,39300,681888400,55900,681615200,29500,354462600,44400,342735800,180296700
103000,684200,204000,19400,106200,43000,27700,18300,712299500,128600,84400,8000,612368600,36500,682224500,58700,735568600,28300,359695100,22100,345333800,172224300
103250,597400,203900,20300,68700,42300,22100,15500,687274800,121100,84500,6200,642331800,72000,679636300,63000,717514700,29300,358690500,12300,342694900,174947700
103500,625400,218500,16500,65400,45200,23700,18000,702235500,117300,89800,8000,621233900,50100,710246600,64300,711306500,30700,357807700,31200,347271100,231948200
103750,670300,229000,16700,58500,53600,25900,15900,716751200,102500,93500,7900,647534700,83200,729254300,69300,727565700,29300,359577500,46200,352810200,192169600
104000,735100,219900,18100,63800,45400,25000,17600,733995300,100600,102000,7500,610359300,46100,682400900,84600,742237700,30400,362697800,16500,362359800,181936300
104250,594600,245300,21500,61500,49100,26300,16300,709836200,92400,120300,8200,624595000,41600,698261700,69000,768756700,27700,358766600,15500,350686200,177843400
104500,275600,123600,9700,23600,21700,11100,11700,311769700,46900,55900,3700,297242900,110800,391936300,21900,313287000,12700,179457900,11000,180449900,81765600
